QuickBooks code,QuickBooks account,QuickBooks parent,Section,Proposed action,Rukna code,Rukna account,Rukna parent,Rukna class,Rukna subtype,Note / question for Finance,Finance decision (Approve / change to…)
10000,Current Assets,,Assets,Keep,10000,Current Assets,,ASSET,OTHER_CURRENT_ASSET (heading),Kept as the current-assets heading.,
10250,ACCO - Dahabshiil Bank,,Assets,Keep,10250,ACCO - Dahabshiil Bank,10000,ASSET,CASH_AND_BANK,Finance: active? currency (USD/SOS)? account number? purpose?,
10050,Merchant,,Assets,Keep,10050,Merchant,10000,ASSET,CASH_AND_BANK,"Finance: what is ""Merchant"" — a merchant/e-money account? Finance: active? currency (USD/SOS)? account number? purpose?",
10055,Truck Merchant.,,Assets,Rename,10055,Truck Merchant,10000,ASSET,CASH_AND_BANK,Finance: e-money account for trucks? Finance: active? currency (USD/SOS)? account number? purpose?,
10060,E - Dahab,,Assets,Keep,10060,E - Dahab,10000,ASSET,CASH_AND_BANK,Mobile-money wallet. Finance: active? currency (USD/SOS)? account number? purpose?,
10100,Salaam Somali Bank,,Assets,Keep,10100,Salaam Somali Bank,10000,ASSET,CASH_AND_BANK,Finance: active? currency (USD/SOS)? account number? purpose?,
10150,ACCO - Salaam Bank,,Assets,Keep,10150,ACCO - Salaam Bank,10000,ASSET,CASH_AND_BANK,Finance: active? currency (USD/SOS)? account number? purpose?,
10200,Dahabshiil Bank,,Assets,Keep,10200,Dahabshiil Bank,10000,ASSET,CASH_AND_BANK,Finance: active? currency (USD/SOS)? account number? purpose?,
10300,Amal Bank,,Assets,Keep,10300,Amal Bank,10000,ASSET,CASH_AND_BANK,Finance: active? currency (USD/SOS)? account number? purpose?,
10400,My Bank Limited.,,Assets,Rename,10400,My Bank Limited,10000,ASSET,CASH_AND_BANK,Finance: active? currency (USD/SOS)? account number? purpose?,
10500,Premier Bank,,Assets,Keep,10500,Premier Bank,10000,ASSET,CASH_AND_BANK,Finance: active? currency (USD/SOS)? account number? purpose?,
10600,IBS Bank,,Assets,Keep,10600,IBS Bank,10000,ASSET,CASH_AND_BANK,Finance: active? currency (USD/SOS)? account number? purpose?,
10700,Agro Africa Bank,,Assets,Keep,10700,Agro Africa Bank,10000,ASSET,CASH_AND_BANK,Finance: active? currency (USD/SOS)? account number? purpose?,
10800,Barter Bank,,Assets,Keep,10800,Barter Bank,10000,ASSET,CASH_AND_BANK,Finance: active? currency (USD/SOS)? account number? purpose?,
10900,Labor Payroll Payments,,Assets,Keep,10900,Labor Payroll Payments,10000,ASSET,CASH_AND_BANK,"Finance: a bank account used for payroll, or a payroll clearing account? Finance: active? currency (USD/SOS)? account number? purpose?",
10910,Premier Wallet,,Assets,Keep,10910,Premier Wallet,10000,ASSET,CASH_AND_BANK,Mobile-money wallet. Finance: active? currency (USD/SOS)? account number? purpose?,
10101,SSB - CQ Project,10100 Salaam Somali Bank,Assets,Merge into 10100,10100,Salaam Somali Bank,,,,"Sub-account for one project. In Rukna the project is a tag on each transaction, so one bank account is enough. Finance: confirm, or keep if it is a separate bank account.",
,,,Assets,New,10950,Petty cash,10000,ASSET,CASH_AND_BANK,Finance: does ACCO keep petty cash? Remove if not.,
11000,Accounts Receivable,,Assets,Keep,11000,Accounts Receivable,10000,ASSET,ACCOUNTS_RECEIVABLE,Control account — client invoices post here automatically.,
11100,Investments,,Assets,Keep,11100,Investments,,ASSET,OTHER_NON_CURRENT_ASSET (heading),Heading. QuickBooks shows it under current assets; long-term investments are normally non-current. Finance: confirm.,
11110,Rasmi Investment.,11100 Investments,Assets,Rename,11110,Rasmi Investment,11100,ASSET,OTHER_NON_CURRENT_ASSET,Finance: still held? Retire if closed.,
11111,Hope Lap Investment,11100 Investments,Assets,Rename,11111,Hope Lab Investment,11100,ASSET,OTHER_NON_CURRENT_ASSET,Finance: still held? Retire if closed.,
11112,Max General Trading Company,11100 Investments,Assets,Keep,11112,Max General Trading Company,11100,ASSET,OTHER_NON_CURRENT_ASSET,Finance: still held? Retire if closed.,
11113,Caafi Hospital - Investment,11100 Investments,Assets,Keep,11113,Caafi Hospital - Investment,11100,ASSET,OTHER_NON_CURRENT_ASSET,Finance: still held? Retire if closed.,
11115,Asas Hangar House,11100 Investments,Assets,Keep,11115,Asas Hangar House,11100,ASSET,OTHER_NON_CURRENT_ASSET,Finance: still held? Retire if closed.,
11116,Future Financing Investments,11100 Investments,Assets,Keep,11116,Future Financing Investments,11100,ASSET,OTHER_NON_CURRENT_ASSET,Finance: still held? Retire if closed.,
11117,FUTURE PLANT LIMITED - CONCRATE,11100 Investments,Assets,Rename,11117,Future Plant Limited - Concrete,11100,ASSET,OTHER_NON_CURRENT_ASSET,Finance: still held? Retire if closed.,
11118,YEMEN RESTAURANT INVESTMENT,11100 Investments,Assets,Rename,11118,Yemen Restaurant Investment,11100,ASSET,OTHER_NON_CURRENT_ASSET,Finance: still held? Retire if closed.,
11119,NILESOM INVESTMENT,11100 Investments,Assets,Rename,11119,Nilesom Investment,11100,ASSET,OTHER_NON_CURRENT_ASSET,Finance: still held? Retire if closed.,
12100,Inventory Asset,,Assets,Rename,12100,Inventory,10000,ASSET,INVENTORY,Materials held in stores.,
12400,Goods Transit,,Assets,Rename,12400,Goods in transit - local,10000,ASSET,OTHER_CURRENT_ASSET,Finance: local goods in transit? Merge with 12450 if not used separately.,
12450,GOODS INTRANSIT - FORIEGN,,Assets,Rename,12450,Goods in transit - foreign,10000,ASSET,OTHER_CURRENT_ASSET,,
13500,Muraabaha Account,10000 Current Assets,Assets,Keep,13500,Muraabaha Account,10000,ASSET,OTHER_CURRENT_ASSET,"Finance: is Muraabaha money owed TO ACCO (asset), or Islamic financing ACCO OWES (liability)? Class depends on the answer.",
,,,Assets,New,13000,Advances to suppliers,10000,ASSET,SUPPLIER_ADVANCE,Required by Rukna: supplier advance payments post here automatically.,
,,,Assets,New,13100,Staff advances,10000,ASSET,OTHER_CURRENT_ASSET,Optional. Finance: needed?,
,,,Assets,New,14000,Prepaid expenses,10000,ASSET,PREPAYMENTS,Optional. Finance: needed?,
15000,Fixed Assets,,Assets,Keep,15000,Fixed Assets,,ASSET,OTHER_NON_CURRENT_ASSET (heading),"Heading. Below it, assets are grouped by type; each existing asset account is kept.",
15200,Asas Lands,15000 Fixed Assets,Assets,Rename,15200,Land,15000,ASSET,FIXED_ASSETS (heading),,
15201,Asas Land,15200 Asas Lands,Assets,Keep,15201,Asas Land,15200,ASSET,FIXED_ASSETS,,
15202,Asas Land Near Digfer,15200 Asas Lands,Assets,Keep,15202,Asas Land Near Digfer,15200,ASSET,FIXED_ASSETS,,
15203,Asas Land Towfiiq,15200 Asas Lands,Assets,Keep,15203,Asas Land Towfiiq,15200,ASSET,FIXED_ASSETS,,
15205,Asas Land Rehabilitation Cost,15200 Asas Lands,Assets,Keep,15205,Asas Land Rehabilitation Cost,15200,ASSET,FIXED_ASSETS,,
,,,Assets,New,15500,Buildings and property,15000,ASSET,FIXED_ASSETS (heading),New heading grouping buildings.,
15250,ASAS PROPERTY OFFICE - SULTAN T,15000 Fixed Assets,Assets,Rename,15250,Asas office property - Sultan T,15500,ASSET,FIXED_ASSETS,,
15400,Asas A/Azizi Appartments,15200 Asas Lands,Assets,Rename,15400,Asas A/Azizi apartments,15500,ASSET,FIXED_ASSETS,Moved from Land to Buildings (apartments are buildings). Finance: confirm.,
16700,Asas Office Building Decoration,15000 Fixed Assets,Assets,Keep,16700,Asas Office Building Decoration,15500,ASSET,FIXED_ASSETS,Office fit-out.,
,,,Assets,New,15600,Vehicles,15000,ASSET,FIXED_ASSETS (heading),New heading.,
16400,Toyota Surf 2016,15000 Fixed Assets,Assets,Keep,16400,Toyota Surf 2016,15600,ASSET,FIXED_ASSETS,,
16401,Asas New Prado Car,15000 Fixed Assets,Assets,Keep,16401,Asas New Prado Car,15600,ASSET,FIXED_ASSETS,,
16800,Asas New Harier Car,15000 Fixed Assets,Assets,Rename,16800,Asas new Harrier car,15600,ASSET,FIXED_ASSETS,,
16200,Asas Motorcycle,15000 Fixed Assets,Assets,Keep,16200,Asas Motorcycle,15600,ASSET,FIXED_ASSETS,,
,,,Assets,New,15700,Plant and heavy equipment,15000,ASSET,FIXED_ASSETS (heading),New heading.,
16000,Asas Lorry Truck,15000 Fixed Assets,Assets,Keep,16000,Asas Lorry Truck,15700,ASSET,FIXED_ASSETS,,
16050,Asas Lorry Truck 2,15000 Fixed Assets,Assets,Keep,16050,Asas Lorry Truck 2,15700,ASSET,FIXED_ASSETS,,
16090,Tructor Cat,15000 Fixed Assets,Assets,Rename,16090,Tractor (CAT),15700,ASSET,FIXED_ASSETS,,
16600,Asas Bobcat Tructor,15000 Fixed Assets,Assets,Rename,16600,Asas Bobcat tractor,15700,ASSET,FIXED_ASSETS,,
16900,Asas New Lift Truck,15000 Fixed Assets,Assets,Keep,16900,Asas New Lift Truck,15700,ASSET,FIXED_ASSETS,,
,,,Assets,New,15800,"Tools, furniture and equipment",15000,ASSET,FIXED_ASSETS (heading),New heading.,
15100,Office Furniture and Equipment,15000 Fixed Assets,Assets,Keep,15100,Office Furniture and Equipment,15800,ASSET,FIXED_ASSETS,,
15300,Asas Security Tools,15000 Fixed Assets,Assets,Keep,15300,Asas Security Tools,15800,ASSET,FIXED_ASSETS,,
16300,ASAS TOOLS,15000 Fixed Assets,Assets,Rename,16300,Asas tools,15800,ASSET,FIXED_ASSETS,,
16350,Asas Jiiloos,15000 Fixed Assets,Assets,Keep,16350,Asas Jiiloos,15800,ASSET,FIXED_ASSETS,"Finance: what is ""Jiiloos""? Placed under tools until confirmed.",
,,,Assets,New,15900,Accumulated depreciation,15000,ASSET,ACCUMULATED_DEPRECIATION,"Credit-balance account. QuickBooks has only one (motorcycle) although it books Depreciation expense (62400). Finance: one account, or one per asset group?",
16210,Accumulated Dep.for Motorcycle,16200 Asas Motorcycle,Assets,Merge into 15900,15900,Accumulated depreciation,,,,Finance: or keep per asset.,
20000,Accounts Payable,,Liabilities,Keep,20000,Accounts Payable,,LIABILITY,ACCOUNTS_PAYABLE,Control account — supplier bills post here automatically.,
,,,Liabilities,New,21000,Advances received from clients,,LIABILITY,CLIENT_ADVANCE_LIABILITY,Required by Rukna: client advance (mobilisation) payments.,
,,,Liabilities,New,21100,Unapplied client receipts,,LIABILITY,UNAPPLIED_CLIENT_RECEIPTS,Required by Rukna: client money received before it is matched to an invoice.,
,,,Liabilities,New,21300,Output VAT payable,,LIABILITY,VAT_OUTPUT_PAYABLE,"Required by Rukna: sales tax on client invoices. (The generic template uses 22000, which ACCO already uses for salaries payable.)",
22000,SALARY PAYBLE,,Liabilities,Rename,22000,Salaries payable,,LIABILITY,OTHER_CURRENT_LIABILITY,,
23000,Zako Payble,,Liabilities,Rename,23000,Zako payable,,LIABILITY,OTHER_CURRENT_LIABILITY,"Finance: is ""Zako"" zakat? Name to confirm.",
25000,MHH PAYBLE ( Parents ),,Liabilities,Rename,25000,MHH payable (parents),,LIABILITY,OTHER_CURRENT_LIABILITY,Related-party balance — kept as it is. Finance: confirm it is a liability and current (due within a year).,
30000,Opening Balance Equity,,Equity,Keep,30000,Opening Balance Equity,,EQUITY,OTHER_EQUITY,Used while moving QuickBooks balances across; should be zero once the migration balances.,
31000,ASAS GROUP CAPITAl,,Equity,Rename,31000,ASAS Group capital,,EQUITY,SHARE_CAPITAL,,
32000,Retained Earnings,,Equity,Keep,32000,Retained Earnings,,EQUITY,RETAINED_EARNINGS,Year-end close moves the year’s profit here.,
,,,Equity,New,39000,Current year earnings,,EQUITY,CURRENT_YEAR_EARNINGS,"Required by Rukna; system only, takes no postings (reports compute it).",
41000,Uncategorized Income,,Income,Retire,,,,,,Any historical balance moves to 42630 Other income.,
42600,Project  Income,,Income,Rename,42600,Project income,,INCOME,PROJECT_REVENUE,Client invoices post here automatically (contract revenue).,
42610,Material Sales Income,,Income,Keep,42610,Material Sales Income,,INCOME,OTHER_INCOME,,
42620,Truck Income,,Income,Keep,42620,Truck Income,,INCOME,OTHER_INCOME,Becomes a normal account (its sub-account is merged into it).,
42621,Other Truck Income,42620 Truck Income,Income,Merge into 42620,42620,Truck Income,,,,Finance: or keep separate.,
42630,Other Income,,Income,Keep,42630,Other Income,,INCOME,OTHER_INCOME,,
42640,Rent Income,,Income,Keep,42640,Rent Income,,INCOME,OTHER_INCOME,,
42650,Purchase Discount,,Income,Keep,42650,Purchase Discount,,INCOME,OTHER_INCOME,"Finance: keep as income, or treat discounts as a reduction of the cost of what was bought?",
50000,Project Costs,,Cost of sales,Keep,50000,Project Costs,,COST_OF_SALES,OTHER_DIRECT_COST (heading),Heading for all project costs.,
50100,Direct Cost.,50000 Project Costs,Cost of sales,Rename,50100,Direct costs,50000,COST_OF_SALES,OTHER_DIRECT_COST (heading),,
50300,Materials Costs,50100 Direct Cost.,Cost of sales,Rename,50300,Materials,50100,COST_OF_SALES,MATERIAL_COST (heading),"Heading. The ~80 QuickBooks material accounts become about 13 categories below; the specific material is recorded on the bill line from the material catalogue, and the project as a tag.",
50365,Shub / Concrate Cost,50300 Materials Costs,Cost of sales,Rename,50365,Concrete and cement,50300,COST_OF_SALES,MATERIAL_COST,Category account.,
50303,Shamiito Cost.,50300 Materials Costs,Cost of sales,Merge into 50365,50365,Concrete and cement,,,,,
50358,Material Shamiito,50300 Materials Costs,Cost of sales,Merge into 50365,50365,Concrete and cement,,,,,
50304,Dhagax Cost.,50300 Materials Costs,Cost of sales,Rename,50304,"Stone, sand and aggregates",50300,COST_OF_SALES,MATERIAL_COST,"Category account. QuickBooks files these under ""Truck Expense""; they are materials delivered by truck.",
50301,Carro Maanyo Cost.,50010 Truck Expense.,Cost of sales,Merge into 50304,50304,"Stone, sand and aggregates",,,,,
50302,Carro Buuxis Cost.,50010 Truck Expense.,Cost of sales,Merge into 50304,50304,"Stone, sand and aggregates",,,,,
50305,Jaay Dhisme Cost.,50010 Truck Expense.,Cost of sales,Merge into 50304,50304,"Stone, sand and aggregates",,,,,
50306,Bulukeeti Dhisme Cost.,50300 Materials Costs,Cost of sales,Rename,50306,Blocks and interlocks,50300,COST_OF_SALES,MATERIAL_COST,Category account.,
50357,Interlocks Cost,50300 Materials Costs,Cost of sales,Merge into 50306,50306,Blocks and interlocks,,,,,
50307,Bir Dhismo Cost.,50300 Materials Costs,Cost of sales,Rename,50307,Steel and reinforcement,50300,COST_OF_SALES,MATERIAL_COST,Category account.,
50314,Fiilo Feero Costs.,50300 Materials Costs,Cost of sales,Merge into 50307,50307,Steel and reinforcement,,,,,
50316,Bir Tuug.,50300 Materials Costs,Cost of sales,Merge into 50307,50307,Steel and reinforcement,,,,,
50322,H Beam 20*10,50300 Materials Costs,Cost of sales,Merge into 50307,50307,Steel and reinforcement,,,,,
50323,H Beam 16,50300 Materials Costs,Cost of sales,Merge into 50307,50307,Steel and reinforcement,,,,,
50376,Hangar Steel / Biraha Bakhaarka,50300 Materials Costs,Cost of sales,Merge into 50307,50307,Steel and reinforcement,,,,,
50383,stainless Steel ( Basamaano ),50300 Materials Costs,Cost of sales,Merge into 50307,50307,Steel and reinforcement,,,,,
50309,Alwaax Dhisme Cost.,50300 Materials Costs,Cost of sales,Rename,50309,"Timber, formwork and scaffolding",50300,COST_OF_SALES,MATERIAL_COST,Category account.,
50310,Playwood/Kumusaato Cost.,50300 Materials Costs,Cost of sales,Merge into 50309,50309,"Timber, formwork and scaffolding",,,,,
50313,Musmaar Costs.,50300 Materials Costs,Cost of sales,Merge into 50309,50309,"Timber, formwork and scaffolding",,,,,
50315,Scaffolding Costs.,50300 Materials Costs,Cost of sales,Merge into 50309,50309,"Timber, formwork and scaffolding",,,,,
50308,Biyo Dhisme Cost.,50300 Materials Costs,Cost of sales,Rename,50308,Construction water,50300,COST_OF_SALES,MATERIAL_COST,Category account.,
50334,Jiingad Dhisme Costs.,50300 Materials Costs,Cost of sales,Rename,50334,Roofing sheets,50300,COST_OF_SALES,MATERIAL_COST,"Category account. Finance: confirm ""jiingad"" = corrugated roofing sheets.",
50311,Plumbing Equipment Costs.,50300 Materials Costs,Cost of sales,Rename,50311,Plumbing and sanitary,50300,COST_OF_SALES,MATERIAL_COST,Category account.,
50326,Toilet Equipments Cost.,50300 Materials Costs,Cost of sales,Merge into 50311,50311,Plumbing and sanitary,,,,,
50320,Water Tank.,50300 Materials Costs,Cost of sales,Merge into 50311,50311,Plumbing and sanitary,,,,,
50381,Haamanka Biyaha,50300 Materials Costs,Cost of sales,Merge into 50311,50311,Plumbing and sanitary,,,,,
50312,Electric Equipment Costs.,50300 Materials Costs,Cost of sales,Rename,50312,"Electrical, network and systems",50300,COST_OF_SALES,MATERIAL_COST,Category account.,
50327,Network Equipment Costs.,50300 Materials Costs,Cost of sales,Merge into 50312,50312,"Electrical, network and systems",,,,,
50359,Technology System Cost,50300 Materials Costs,Cost of sales,Merge into 50312,50312,"Electrical, network and systems",,,,,
50346,Air Conditioner Costs.,50300 Materials Costs,Cost of sales,Rename,50346,"Air conditioning, lifts and fire equipment",50300,COST_OF_SALES,MATERIAL_COST,Category account.,
50333,AC Centrelize,50300 Materials Costs,Cost of sales,Merge into 50346,50346,"Air conditioning, lifts and fire equipment",,,,,
50373,Elevator / Lift - Wiish,50300 Materials Costs,Cost of sales,Merge into 50346,50346,"Air conditioning, lifts and fire equipment",,,,,
50379,Fire Extinguisher Equipments,50300 Materials Costs,Cost of sales,Merge into 50346,50346,"Air conditioning, lifts and fire equipment",,,,,
50349,Aluminum Door,50300 Materials Costs,Cost of sales,Rename,50349,"Doors, windows, aluminium and glass",50300,COST_OF_SALES,MATERIAL_COST,Category account.,
50317,Window.,50300 Materials Costs,Cost of sales,Merge into 50349,50349,"Doors, windows, aluminium and glass",,,,,
50319,PV Doors.,50300 Materials Costs,Cost of sales,Merge into 50349,50349,"Doors, windows, aluminium and glass",,,,,
50325,Wood Doors.,50300 Materials Costs,Cost of sales,Merge into 50349,50349,"Doors, windows, aluminium and glass",,,,,
50344,Temper Glass Door Costs,50300 Materials Costs,Cost of sales,Merge into 50349,50349,"Doors, windows, aluminium and glass",,,,,
50350,Aluminum Window,50300 Materials Costs,Cost of sales,Merge into 50349,50349,"Doors, windows, aluminium and glass",,,,,
50351,Aluminum  Accessories,50300 Materials Costs,Cost of sales,Merge into 50349,50349,"Doors, windows, aluminium and glass",,,,,
50354,Albaab,50300 Materials Costs,Cost of sales,Merge into 50349,50349,"Doors, windows, aluminium and glass",,,,,
50355,Material Albaab,50300 Materials Costs,Cost of sales,Merge into 50349,50349,"Doors, windows, aluminium and glass",,,,,
50356,Fitting Fixed Glass Doors,50300 Materials Costs,Cost of sales,Merge into 50349,50349,"Doors, windows, aluminium and glass",,,,,
50360,Kitchen Aluminum,50300 Materials Costs,Cost of sales,Merge into 50349,50349,"Doors, windows, aluminium and glass",,,,,
50363,Aluminum Box,50300 Materials Costs,Cost of sales,Merge into 50349,50349,"Doors, windows, aluminium and glass",,,,,
50369,Interior Room Door,50300 Materials Costs,Cost of sales,Merge into 50349,50349,"Doors, windows, aluminium and glass",,,,,
50370,External Door ( Steel Doors ),50300 Materials Costs,Cost of sales,Merge into 50349,50349,"Doors, windows, aluminium and glass",,,,,
50371,Pvc Windows,50300 Materials Costs,Cost of sales,Merge into 50349,50349,"Doors, windows, aluminium and glass",,,,,
50372,fixed Aluminum Cutter,50300 Materials Costs,Cost of sales,Merge into 50349,50349,"Doors, windows, aluminium and glass",,,,,
50380,Aluminum Glass,50300 Materials Costs,Cost of sales,Merge into 50349,50349,"Doors, windows, aluminium and glass",,,,,
50382,Frame Costs,50300 Materials Costs,Cost of sales,Merge into 50349,50349,"Doors, windows, aluminium and glass",,,,,
50329,Paint Materials Costs.,50300 Materials Costs,Cost of sales,Rename,50329,"Finishes (paint, gypsum, ceiling, marble, flooring)",50300,COST_OF_SALES,MATERIAL_COST,Category account.,
50324,GysumBoard.,50300 Materials Costs,Cost of sales,Merge into 50329,50329,"Finishes (paint, gypsum, ceiling, marble, flooring)",,,,,
50330,Macjuun,50300 Materials Costs,Cost of sales,Merge into 50329,50329,"Finishes (paint, gypsum, ceiling, marble, flooring)",,,,,
50331,Celling Costs,50300 Materials Costs,Cost of sales,Merge into 50329,50329,"Finishes (paint, gypsum, ceiling, marble, flooring)",,,,,
50332,Cornice Costs.,50300 Materials Costs,Cost of sales,Merge into 50329,50329,"Finishes (paint, gypsum, ceiling, marble, flooring)",,,,,
50348,Decor Materials,50300 Materials Costs,Cost of sales,Merge into 50329,50329,"Finishes (paint, gypsum, ceiling, marble, flooring)",,,,,
50368,Dhagax Madow ( Marble ),50300 Materials Costs,Cost of sales,Merge into 50329,50329,"Finishes (paint, gypsum, ceiling, marble, flooring)",,,,,
50374,Parket & Batskobe Costs,50300 Materials Costs,Cost of sales,Merge into 50329,50329,"Finishes (paint, gypsum, ceiling, marble, flooring)",,,,,
50375,Marble Cost,50300 Materials Costs,Cost of sales,Merge into 50329,50329,"Finishes (paint, gypsum, ceiling, marble, flooring)",,,,,
50328,Furniture Costs.,50300 Materials Costs,Cost of sales,Rename,50328,"Furniture, kitchens and fixtures",50300,COST_OF_SALES,MATERIAL_COST,Category account.,
50321,Kitchen Furniture.,50300 Materials Costs,Cost of sales,Merge into 50328,50328,"Furniture, kitchens and fixtures",,,,,
50378,Shalves Cost,50300 Materials Costs,Cost of sales,Merge into 50328,50328,"Furniture, kitchens and fixtures",,,,,
50010,Truck Expense.,50300 Materials Costs,Cost of sales,Retire,,,,,,Its four sub-accounts are materials and merge into 50304; postings made to the heading itself go to 50304 too. Finance: confirm.,
50335,Mutuleel Costs.,50300 Materials Costs,Cost of sales,Finance to classify,,,50300,COST_OF_SALES,MATERIAL_COST,Finance: which material category above does this belong to?,
50353,Mutuleel Material,50300 Materials Costs,Cost of sales,Finance to classify,,,50300,COST_OF_SALES,MATERIAL_COST,Finance: which material category above does this belong to?,
50336,Ganjeel Costs.,50300 Materials Costs,Cost of sales,Finance to classify,,,50300,COST_OF_SALES,MATERIAL_COST,Finance: which material category above does this belong to?,
50337,Sakafeero Costs,50300 Materials Costs,Cost of sales,Finance to classify,,,50300,COST_OF_SALES,MATERIAL_COST,Finance: which material category above does this belong to?,
50338,Isbaago Costs,50300 Materials Costs,Cost of sales,Finance to classify,,,50300,COST_OF_SALES,MATERIAL_COST,Finance: which material category above does this belong to?,
50339,Sakeel Costs,50300 Materials Costs,Cost of sales,Finance to classify,,,50300,COST_OF_SALES,MATERIAL_COST,Finance: which material category above does this belong to?,
50340,Bac Roob Costs,50300 Materials Costs,Cost of sales,Finance to classify,,,50300,COST_OF_SALES,MATERIAL_COST,Finance: which material category above does this belong to?,
50341,Buris Cost,50300 Materials Costs,Cost of sales,Finance to classify,,,50300,COST_OF_SALES,MATERIAL_COST,Finance: which material category above does this belong to?,
50342,Garweyn Costs,50300 Materials Costs,Cost of sales,Finance to classify,,,50300,COST_OF_SALES,MATERIAL_COST,Finance: which material category above does this belong to?,
50343,Badeel Costs,50300 Materials Costs,Cost of sales,Finance to classify,,,50300,COST_OF_SALES,MATERIAL_COST,Finance: which material category above does this belong to?,
50345,Mitiroole Costs.,50300 Materials Costs,Cost of sales,Finance to classify,,,50300,COST_OF_SALES,MATERIAL_COST,Finance: which material category above does this belong to?,
50347,Sakatuuro Costs.,50300 Materials Costs,Cost of sales,Finance to classify,,,50300,COST_OF_SALES,MATERIAL_COST,Finance: which material category above does this belong to?,
50364,Safiito,50300 Materials Costs,Cost of sales,Finance to classify,,,50300,COST_OF_SALES,MATERIAL_COST,Finance: which material category above does this belong to?,
50366,Koolo/Sharooto,50300 Materials Costs,Cost of sales,Finance to classify,,,50300,COST_OF_SALES,MATERIAL_COST,Finance: which material category above does this belong to?,
50367,Meter Bande,50300 Materials Costs,Cost of sales,Finance to classify,,,50300,COST_OF_SALES,MATERIAL_COST,Finance: which material category above does this belong to?,
50377,Famaleyr,50300 Materials Costs,Cost of sales,Finance to classify,,,50300,COST_OF_SALES,MATERIAL_COST,Finance: which material category above does this belong to?,
50352,Handle Steel Installation,50300 Materials Costs,Cost of sales,Merge into 50766,50766,Steel structure and metal works (labour),,,,"Installation is labour, not material. Finance: confirm.",
50361,installation Of Stainless Steel,50300 Materials Costs,Cost of sales,Merge into 50766,50766,Steel structure and metal works (labour),,,,"Installation is labour, not material. Finance: confirm.",
50362,steel Installation,50300 Materials Costs,Cost of sales,Merge into 50766,50766,Steel structure and metal works (labour),,,,"Installation is labour, not material. Finance: confirm.",
,,,Cost of sales,New,50399,Other materials,50300,COST_OF_SALES,MATERIAL_COST,"For postings QuickBooks made to the Materials heading itself (""Materials Costs - Other"").",
50400,Labor Cost.,50100 Direct Cost.,Cost of sales,Rename,50400,Labour and subcontractors,50100,COST_OF_SALES,DIRECT_LABOUR (heading),"Heading. QuickBooks lists ~50 trades, all under ""Subcontractor"". They become about 12 trade categories; the worker or subcontractor is recorded on the bill/payment, the project as a tag.",
50700,Subcontructor.,50400 Labor Cost.,Cost of sales,Rename,50700,Subcontractors,50400,COST_OF_SALES,SUBCONTRACT_COST (heading),"Finance: for each trade below, is it ACCO’s own labour (direct labour) or a subcontractor? Rukna keeps the two separate.",
50707,Fundi Dhisme,50700 Subcontructor.,Cost of sales,Rename,50707,Masonry and blockwork,50400,COST_OF_SALES,DIRECT_LABOUR or SUBCONTRACT_COST,Trade category. Finance: own labour or subcontract?,
50705,Fundi Bulukeeti Costs.,50700 Subcontructor.,Cost of sales,Merge into 50707,50707,Masonry and blockwork,,,,,
50706,Fundi Dhagax Dhise Costs.,50700 Subcontructor.,Cost of sales,Merge into 50707,50707,Masonry and blockwork,,,,,
50774,Shaqaale Bulukeeti Saaris.,50700 Subcontructor.,Cost of sales,Merge into 50707,50707,Masonry and blockwork,,,,,
50768,Shaqaale Shub Costs,50700 Subcontructor.,Cost of sales,Rename,50768,Concrete works,50400,COST_OF_SALES,DIRECT_LABOUR or SUBCONTRACT_COST,Trade category. Finance: own labour or subcontract?,
50793,POST TENTION COST,50700 Subcontructor.,Cost of sales,Merge into 50768,50768,Concrete works,,,,,
50740,Feerayoole,50700 Subcontructor.,Cost of sales,Rename,50740,Steel fixing,50400,COST_OF_SALES,DIRECT_LABOUR or SUBCONTRACT_COST,Trade category. Finance: own labour or subcontract?,
50783,Shaqaale Feerayoole,50700 Subcontructor.,Cost of sales,Merge into 50740,50740,Steel fixing,,,,,
50730,Faryaamo,50700 Subcontructor.,Cost of sales,Rename,50730,Carpentry and formwork,50400,COST_OF_SALES,DIRECT_LABOUR or SUBCONTRACT_COST,Trade category. Finance: own labour or subcontract?,
50731,Faryaamo Albaab Costs.,50700 Subcontructor.,Cost of sales,Merge into 50730,50730,Carpentry and formwork,,,,,
50782,Shaqaale Faryaamo,50700 Subcontructor.,Cost of sales,Merge into 50730,50730,Carpentry and formwork,,,,,
50710,Tubiiste Costs,50700 Subcontructor.,Cost of sales,Rename,50710,Plumbing,50400,COST_OF_SALES,DIRECT_LABOUR or SUBCONTRACT_COST,Trade category. Finance: own labour or subcontract?,
50765,shaqaale Tubiste,50700 Subcontructor.,Cost of sales,Merge into 50710,50710,Plumbing,,,,,
50720,Korontiiste Costs,50700 Subcontructor.,Cost of sales,Rename,50720,Electrical,50400,COST_OF_SALES,DIRECT_LABOUR or SUBCONTRACT_COST,Trade category. Finance: own labour or subcontract?,
50786,Shaqaale Korontiiste,50700 Subcontructor.,Cost of sales,Merge into 50720,50720,Electrical,,,,,
50750,Internal Painter.,50700 Subcontructor.,Cost of sales,Rename,50750,Painting,50400,COST_OF_SALES,DIRECT_LABOUR or SUBCONTRACT_COST,Trade category. Finance: own labour or subcontract?,
50755,External Painter.,50700 Subcontructor.,Cost of sales,Merge into 50750,50750,Painting,,,,,
50787,Shaqaale Riinji,50700 Subcontructor.,Cost of sales,Merge into 50750,50750,Painting,,,,,
50763,Shaqaale Gysumborard,50700 Subcontructor.,Cost of sales,Rename,50763,"Finishes (gypsum, ceiling, cornice, plaster, tiling)",50400,COST_OF_SALES,DIRECT_LABOUR or SUBCONTRACT_COST,Trade category. Finance: own labour or subcontract?,
50764,shaqaale Cornice,50700 Subcontructor.,Cost of sales,Merge into 50763,50763,"Finishes (gypsum, ceiling, cornice, plaster, tiling)",,,,,
50777,Shaqaale Celling,50700 Subcontructor.,Cost of sales,Merge into 50763,50763,"Finishes (gypsum, ceiling, cornice, plaster, tiling)",,,,,
50780,Shaqaale Decoration,50700 Subcontructor.,Cost of sales,Merge into 50763,50763,"Finishes (gypsum, ceiling, cornice, plaster, tiling)",,,,,
50735,Fundi Salaaxmo Costs.,50700 Subcontructor.,Cost of sales,Merge into 50763,50763,"Finishes (gypsum, ceiling, cornice, plaster, tiling)",,,,,
50794,Shabaq Salaanxmo,50700 Subcontructor.,Cost of sales,Merge into 50763,50763,"Finishes (gypsum, ceiling, cornice, plaster, tiling)",,,,,
50708,Fundi Faashad Cost,50700 Subcontructor.,Cost of sales,Merge into 50763,50763,"Finishes (gypsum, ceiling, cornice, plaster, tiling)",,,,,
50760,Shaqaale Mutuleel,50700 Subcontructor.,Cost of sales,Merge into 50763,50763,"Finishes (gypsum, ceiling, cornice, plaster, tiling)",,,,,
50791,Shaqaale Mutuleel - SABBA,50700 Subcontructor.,Cost of sales,Merge into 50763,50763,"Finishes (gypsum, ceiling, cornice, plaster, tiling)",,,,,
50766,Steel Structure Labor Costs.,50700 Subcontructor.,Cost of sales,Rename,50766,Steel structure and metal works,50400,COST_OF_SALES,DIRECT_LABOUR or SUBCONTRACT_COST,Trade category. Finance: own labour or subcontract?,
50785,Shaqaale Steal Structure,50700 Subcontructor.,Cost of sales,Merge into 50766,50766,Steel structure and metal works,,,,,
50792,shaqaale Bir Tuug,50700 Subcontructor.,Cost of sales,Merge into 50766,50766,Steel structure and metal works,,,,,
50789,Shaqaale Window Installations,50700 Subcontructor.,Cost of sales,Rename,50789,"Aluminium, glass and window installation",50400,COST_OF_SALES,DIRECT_LABOUR or SUBCONTRACT_COST,Trade category. Finance: own labour or subcontract?,
50767,Shaqaale Glass Partition,50700 Subcontructor.,Cost of sales,Merge into 50789,50789,"Aluminium, glass and window installation",,,,,
50788,Shaqaale PVC Installations,50700 Subcontructor.,Cost of sales,Merge into 50789,50789,"Aluminium, glass and window installation",,,,,
50778,Shaqaale God Qodis,50700 Subcontructor.,Cost of sales,Rename,50778,"Excavation, earthworks and demolition",50400,COST_OF_SALES,DIRECT_LABOUR or SUBCONTRACT_COST,Trade category. Finance: own labour or subcontract?,
50773,Shaqaale Carro Buuxis Costs.,50700 Subcontructor.,Cost of sales,Merge into 50778,50778,"Excavation, earthworks and demolition",,,,,
50795,Shaqaale Ceel Qodis,50700 Subcontructor.,Cost of sales,Merge into 50778,50778,"Excavation, earthworks and demolition",,,,,
50784,Boosaner Dhisid / Qodis,50700 Subcontructor.,Cost of sales,Merge into 50778,50778,"Excavation, earthworks and demolition",,,,,
50781,Shaqaale Dumis,50700 Subcontructor.,Cost of sales,Merge into 50778,50778,"Excavation, earthworks and demolition",,,,,
50770,General Labor Costs.,50700 Subcontructor.,Cost of sales,Rename,50770,"General labour, porters and cleaning",50400,COST_OF_SALES,DIRECT_LABOUR or SUBCONTRACT_COST,Trade category. Finance: own labour or subcontract?,
50761,Xamaali Costs.,50700 Subcontructor.,Cost of sales,Merge into 50770,50770,"General labour, porters and cleaning",,,,,
50762,Shaqaale Nadaafad.,50700 Subcontructor.,Cost of sales,Merge into 50770,50770,"General labour, porters and cleaning",,,,,
50775,Shaqaale Furniture,50700 Subcontructor.,Cost of sales,Merge into 50770,50770,"General labour, porters and cleaning",,,,,
50790,Shaqaale Interlocks Cost,50700 Subcontructor.,Cost of sales,Merge into 50770,50770,"General labour, porters and cleaning",,,,,
50709,Fundi  Laborfiino,50700 Subcontructor.,Cost of sales,Finance to classify,,,50400,COST_OF_SALES,,"Finance: which trade category above does this belong to? (""Machine"" may be equipment hire — 50500.)",
50736,Shaqaale Fundi,50700 Subcontructor.,Cost of sales,Finance to classify,,,50400,COST_OF_SALES,,"Finance: which trade category above does this belong to? (""Machine"" may be equipment hire — 50500.)",
50769,Shaqaale Kaashatoori Costs.,50700 Subcontructor.,Cost of sales,Finance to classify,,,50400,COST_OF_SALES,,"Finance: which trade category above does this belong to? (""Machine"" may be equipment hire — 50500.)",
50776,Machine,50700 Subcontructor.,Cost of sales,Finance to classify,,,50400,COST_OF_SALES,,"Finance: which trade category above does this belong to? (""Machine"" may be equipment hire — 50500.)",
50779,Aleebi Costs,50700 Subcontructor.,Cost of sales,Finance to classify,,,50400,COST_OF_SALES,,"Finance: which trade category above does this belong to? (""Machine"" may be equipment hire — 50500.)",
,,,Cost of sales,New,50499,Other labour,50400,COST_OF_SALES,DIRECT_LABOUR,For postings QuickBooks made to the Labour/Subcontractor headings themselves.,
53600,Subcontractors Expense,,Cost of sales,Merge into 50700,50700,Subcontractors,,,,"Looks like a duplicate of the 50700 group. Finance: confirm, and say which trade it was used for.",
50500,Equipment.,50100 Direct Cost.,Cost of sales,Rename,50500,Equipment,50100,COST_OF_SALES,OTHER_DIRECT_COST,Equipment hire and running on projects.,
50600,Tools.,50100 Direct Cost.,Cost of sales,Rename,50600,Tools,50100,COST_OF_SALES,OTHER_DIRECT_COST,Small tools charged to projects (owned tools are fixed assets).,
51900,Other Direct Costs,50100 Direct Cost.,Cost of sales,Keep,51900,Other Direct Costs,50100,COST_OF_SALES,OTHER_DIRECT_COST,,
52000,Indirect Costs.,50000 Project Costs,Cost of sales,Rename,52000,Site overheads,50000,COST_OF_SALES,OTHER_DIRECT_COST (heading),Heading for site overheads.,
52050,Site Clearance Costs.,52000 Indirect Costs.,Cost of sales,Rename,52050,Site clearance,52000,COST_OF_SALES,OTHER_DIRECT_COST,,
52100,Foreman Expenses.,52000 Indirect Costs.,Cost of sales,Rename,52100,Foreman expenses,52000,COST_OF_SALES,OTHER_DIRECT_COST,,
52110,Servey Cost.,52000 Indirect Costs.,Cost of sales,Rename,52110,Survey,52000,COST_OF_SALES,OTHER_DIRECT_COST,,
52120,Site Engineer.,52000 Indirect Costs.,Cost of sales,Rename,52120,Site engineer,52000,COST_OF_SALES,OTHER_DIRECT_COST,,
52125,Design Cost,52000 Indirect Costs.,Cost of sales,Rename,52125,Design,52000,COST_OF_SALES,OTHER_DIRECT_COST,,
52130,Permit Fees.,52000 Indirect Costs.,Cost of sales,Rename,52130,Permit fees,52000,COST_OF_SALES,OTHER_DIRECT_COST,,
52135,Police Expenses ( Minishibiyo ),52000 Indirect Costs.,Cost of sales,Rename,52135,Police expenses (minishibiyo),52000,COST_OF_SALES,OTHER_DIRECT_COST,,
52140,Security Fees.,52000 Indirect Costs.,Cost of sales,Rename,52140,Security,52000,COST_OF_SALES,OTHER_DIRECT_COST,,
52150,Fuel and Transportation Cost.,52000 Indirect Costs.,Cost of sales,Rename,52150,Fuel and transportation,52000,COST_OF_SALES,OTHER_DIRECT_COST,,
52155,Other Indirect Costs,52000 Indirect Costs.,Cost of sales,Rename,52155,Other site overheads,52000,COST_OF_SALES,OTHER_DIRECT_COST,,
52156,Soil Test,52000 Indirect Costs.,Cost of sales,Rename,52156,Soil test,52000,COST_OF_SALES,OTHER_DIRECT_COST,,
52157,Concrate Test,52000 Indirect Costs.,Cost of sales,Rename,52157,Concrete test,52000,COST_OF_SALES,OTHER_DIRECT_COST,,
53800,Repairing Tools and Equipment,52000 Indirect Costs.,Cost of sales,Rename,53800,Tool and equipment repairs,52000,COST_OF_SALES,OTHER_DIRECT_COST,,
50001,Cost of Goods Sold,,Cost of sales,Retire,,,,,,Generic QuickBooks account. Finance: what was posted here? Historical balance maps to the right category.,
54100,Worker's Compensation Insurance,,Cost of sales,Keep,54100,Worker's Compensation Insurance,50000,COST_OF_SALES,OTHER_DIRECT_COST,,
50200,General and Admin Costs.,,Expenses,Rename,50200,General and administrative expenses,,EXPENSE,ADMINISTRATIVE_EXPENSE (heading),Heading for operating expenses. Code kept even though it sits among 5xxxx cost codes (decision: keep ACCO codes).,
50201,Family Expenses.,50200,Expenses,Rename,50201,Family expenses,50200,EXPENSE,ADMINISTRATIVE_EXPENSE (heading),"Kept exactly as in QuickBooks, as an expense (management decision 2026-10-01). Any reclassification is Finance’s decision.",
50210,Parent Expense.,50201 Family Expenses.,Expenses,Rename,50210,Parent Expense,50201,EXPENSE,ADMINISTRATIVE_EXPENSE,Kept as is.,
50223,Parent Hospital Expenses.,50201 Family Expenses.,Expenses,Rename,50223,Parent Hospital Expenses,50201,EXPENSE,ADMINISTRATIVE_EXPENSE,Kept as is.,
50230,Parent Payments,50201 Family Expenses.,Expenses,Keep,50230,Parent Payments,50201,EXPENSE,ADMINISTRATIVE_EXPENSE,Kept as is.,
50240,Family Hospitals,50201 Family Expenses.,Expenses,Keep,50240,Family Hospitals,50201,EXPENSE,ADMINISTRATIVE_EXPENSE,Kept as is.,
50250,Family Expenses,50201 Family Expenses.,Expenses,Keep,50250,Family Expenses,50201,EXPENSE,ADMINISTRATIVE_EXPENSE,Kept as is.,
50260,Family Sadaqa Expense.,50201 Family Expenses.,Expenses,Rename,50260,Family Sadaqa Expense,50201,EXPENSE,ADMINISTRATIVE_EXPENSE,Kept as is.,
50280,Nuuro Xassan Xashi Expenses.,50201 Family Expenses.,Expenses,Rename,50280,Nuuro Xassan Xashi Expenses,50201,EXPENSE,ADMINISTRATIVE_EXPENSE,Kept as is.,
50290,Maxamed Xassan Xashi Expenses.,50201 Family Expenses.,Expenses,Rename,50290,Maxamed Xassan Xashi Expenses,50201,EXPENSE,ADMINISTRATIVE_EXPENSE,Kept as is.,
50295,Guriga Ayeeyo Loo Dhisaayo,50201 Family Expenses.,Expenses,Keep,50295,Guriga Ayeeyo Loo Dhisaayo,50201,EXPENSE,ADMINISTRATIVE_EXPENSE,Kept as is.,
50220,Education and Transport Fees,50201 Family Expenses.,Expenses,Keep,50220,Education and Transport Fees,50201,EXPENSE,ADMINISTRATIVE_EXPENSE (heading),Kept as is.,
50221,Abdisalan University Expenses.,50220 Education and Transport Fees,Expenses,Rename,50221,Abdisalan University Expenses,50220,EXPENSE,ADMINISTRATIVE_EXPENSE,Kept as is.,
50222,Farhia University Expense.,50220 Education and Transport Fees,Expenses,Rename,50222,Farhia University Expense,50220,EXPENSE,ADMINISTRATIVE_EXPENSE,Kept as is.,
50224,Hassan Ibrahim Hanshi-Education,50220 Education and Transport Fees,Expenses,Keep,50224,Hassan Ibrahim Hanshi-Education,50220,EXPENSE,ADMINISTRATIVE_EXPENSE,Kept as is.,
50225,Family Education,50220 Education and Transport Fees,Expenses,Keep,50225,Family Education,50220,EXPENSE,ADMINISTRATIVE_EXPENSE,Kept as is.,
50270,Debt Payments.,50201 Family Expenses.,Expenses,Rename,50270,Debt payments,50201,EXPENSE,ADMINISTRATIVE_EXPENSE,Kept as is. Finance: repaying a debt normally reduces a liability rather than being an expense — confirm what is posted here.,
50275,Bad Debt Expenses.,50200,Expenses,Rename,50275,Bad debt expense,50200,EXPENSE,OTHER_EXPENSE,,
60100,Truck Repair feul & Oil Expense,50200,Expenses,Rename,60100,"Truck repairs, fuel and oil",50200,EXPENSE,ADMINISTRATIVE_EXPENSE,,
60110,Truck Driver Salary Expense,50200,Expenses,Keep,60110,Truck Driver Salary Expense,50200,EXPENSE,ADMINISTRATIVE_EXPENSE,,
60200,Truck Purchase Soil,50200,Expenses,Keep,60200,Truck Purchase Soil,50200,EXPENSE,ADMINISTRATIVE_EXPENSE,Finance: soil bought for resale (cost of material sales) or for ACCO projects (materials)?,
60300,Other Truck Expense,50200,Expenses,Keep,60300,Other Truck Expense,50200,EXPENSE,ADMINISTRATIVE_EXPENSE,,
60400,Bank Service Charges,50200,Expenses,Keep,60400,Bank Service Charges,50200,EXPENSE,FINANCE_COST,,
61000,Business Licenses and Permits,50200,Expenses,Keep,61000,Business Licenses and Permits,50200,EXPENSE,ADMINISTRATIVE_EXPENSE,,
62400,Depreciation Expense,50200,Expenses,Keep,62400,Depreciation Expense,50200,EXPENSE,DEPRECIATION_EXPENSE,,
63300,Car and Motorcycle Expense,50200,Expenses,Keep,63300,Car and Motorcycle Expense,50200,EXPENSE,ADMINISTRATIVE_EXPENSE,,
63400,Advertisement Expense,50200,Expenses,Keep,63400,Advertisement Expense,50200,EXPENSE,ADMINISTRATIVE_EXPENSE,,
64300,Meals and Entertainment,50200,Expenses,Keep,64300,Meals and Entertainment,50200,EXPENSE,ADMINISTRATIVE_EXPENSE,,
64800,Finished Projects Expense,50200,Expenses,Keep,64800,Finished Projects Expense,50200,EXPENSE,ADMINISTRATIVE_EXPENSE,Finance: costs of finished projects are usually project costs (cost of sales). Confirm.,
64850,Projects Payroll Payments,50200,Expenses,Keep,64850,Projects Payroll Payments,50200,EXPENSE,ADMINISTRATIVE_EXPENSE,"Finance: project payroll is usually direct labour (cost of sales), so project profit includes it. Confirm.",
66000,Payroll Expenses,50200,Expenses,Keep,66000,Payroll Expenses,50200,EXPENSE,ADMINISTRATIVE_EXPENSE,,
66700,Check points and Police Expense,50200,Expenses,Rename,66700,Checkpoints and police expense,50200,EXPENSE,ADMINISTRATIVE_EXPENSE,,
67000,Commission Expense,50200,Expenses,Keep,67000,Commission Expense,50200,EXPENSE,ADMINISTRATIVE_EXPENSE,,
67200,Repairs and Maintenance,50200,Expenses,Keep,67200,Repairs and Maintenance,50200,EXPENSE,ADMINISTRATIVE_EXPENSE,,
68100,Internet and Telephone Expense,50200,Expenses,Keep,68100,Internet and Telephone Expense,50200,EXPENSE,ADMINISTRATIVE_EXPENSE,,
68600,Electricity Expense.,50200,Expenses,Rename,68600,Electricity expense,50200,EXPENSE,ADMINISTRATIVE_EXPENSE,,
68620,Store Rent Expense.,50200,Expenses,Rename,68620,Store rent expense,50200,EXPENSE,ADMINISTRATIVE_EXPENSE,,
68635,Travel Expenses,50200,Expenses,Keep,68635,Travel Expenses,50200,EXPENSE,ADMINISTRATIVE_EXPENSE,,
80100,Loss On Sale Fixed Assets,50200,Expenses,Rename,80100,Loss on sale of fixed assets,50200,EXPENSE,OTHER_EXPENSE,,
80150,Eng Liiban Abdi Caafi,50200,Expenses,Keep,80150,Eng Liiban Abdi Caafi,50200,EXPENSE,ADMINISTRATIVE_EXPENSE,Named-person account kept as is.,
80160,Eng Ahmed Shiriye Expenses,50200,Expenses,Keep,80160,Eng Ahmed Shiriye Expenses,50200,EXPENSE,ADMINISTRATIVE_EXPENSE,Named-person account kept as is.,
80170,Muraabaha Expenses,50200,Expenses,Keep,80170,Muraabaha Expenses,50200,EXPENSE,FINANCE_COST,Financing cost of the Muraabaha.,
80180,Zako Expenses,50200,Expenses,Keep,80180,Zako Expenses,50200,EXPENSE,ADMINISTRATIVE_EXPENSE,,
80190,Company Tax Expenses,50200,Expenses,Keep,80190,Company Tax Expenses,50200,EXPENSE,OTHER_EXPENSE,,
80195,Digfeer Land Expenses,50200,Expenses,Keep,80195,Digfeer Land Expenses,50200,EXPENSE,ADMINISTRATIVE_EXPENSE,Finance: costs that improve the land are usually added to the land asset (15202). Confirm.,
81000,Customer Discount,50200,Expenses,Keep,81000,Customer Discount,50200,EXPENSE,OTHER_EXPENSE,Finance: discounts given to clients are often shown as a reduction of income. Keep as expense?,
80010,Portfolio Investments Loss,50200,Expenses,Keep,80010,Portfolio Investments Loss,50200,EXPENSE,OTHER_EXPENSE,,
82000,Nilesom Engnering,50200,Expenses,Rename,82000,Nilesom Engineering,50200,EXPENSE,ADMINISTRATIVE_EXPENSE,Finance: what is posted here (related company costs)? Kept as is meanwhile.,
64900,Office Expenses.,50200,Expenses,Rename,64900,Office expenses,50200,EXPENSE,ADMINISTRATIVE_EXPENSE (heading),Heading.,
64905,Office Supplies,64900 Office Expenses.,Expenses,Keep,64905,Office Supplies,64900,EXPENSE,ADMINISTRATIVE_EXPENSE,,
64910,Office Tea and Water Expense.,64900 Office Expenses.,Expenses,Rename,64910,Office tea and water,64900,EXPENSE,ADMINISTRATIVE_EXPENSE,,
67100,Rent Expense,64900 Office Expenses.,Expenses,Rename,67100,Office rent,64900,EXPENSE,ADMINISTRATIVE_EXPENSE,,
68610,Cleaning Expenses.,64900 Office Expenses.,Expenses,Rename,68610,Cleaning,64900,EXPENSE,ADMINISTRATIVE_EXPENSE,,
68625,Office Fuel Expense.,64900 Office Expenses.,Expenses,Rename,68625,Office fuel,64900,EXPENSE,ADMINISTRATIVE_EXPENSE,,
68626,Software Expenses.,64900 Office Expenses.,Expenses,Rename,68626,Software,64900,EXPENSE,ADMINISTRATIVE_EXPENSE,,
68627,Management Salary Expenses.,64900 Office Expenses.,Expenses,Rename,68627,Management salaries,64900,EXPENSE,ADMINISTRATIVE_EXPENSE,,
68628,Transportation Costs.,64900 Office Expenses.,Expenses,Rename,68628,Transportation,64900,EXPENSE,ADMINISTRATIVE_EXPENSE,,
68629,Xamaali Expense.,64900 Office Expenses.,Expenses,Rename,68629,Porters (xamaali),64900,EXPENSE,ADMINISTRATIVE_EXPENSE,,
68634,Salary Expense,64900 Office Expenses.,Expenses,Rename,68634,Office salaries,64900,EXPENSE,ADMINISTRATIVE_EXPENSE,,
68640,Other Office Expenses,64900 Office Expenses.,Expenses,Keep,68640,Other Office Expenses,64900,EXPENSE,ADMINISTRATIVE_EXPENSE,,
68650,Office Water Expenses,64900 Office Expenses.,Expenses,Keep,68650,Office Water Expenses,64900,EXPENSE,ADMINISTRATIVE_EXPENSE,,
68630,Operation Expense.,64900 Office Expenses.,Expenses,Rename,68630,Operation expenses,64900,EXPENSE,ADMINISTRATIVE_EXPENSE,In QuickBooks this has sub-accounts and also takes postings. In Rukna it becomes a normal account and its sub-accounts merge into it. Finance: or keep the split.,
68631,Authorized Employee Payments.,68630 Operation Expense.,Expenses,Merge into 68630,68630,Operation expenses,,,,,
68632,Other Authorized Payments.,68631 Authorized Employee Payments.,Expenses,Merge into 68630,68630,Operation expenses,,,,,
69800,Uncategorized Expenses,,Expenses,Retire,,,,,,Any historical balance is reviewed and moved to the right account during migration.,
80000,Ask My Accountant,,Expenses,Retire,,,,,,QuickBooks suspense account; must be cleared before migration.,
